weights,"                             0
dummy                 5.334905
bedrooms             -0.282689
bathrooms             0.333567
sqft_living           0.380856
sqft_lot              0.051857
floors                0.005914
waterfront            3.965678
view                  0.460666
condition             0.195729
grade                 1.159560
sqft_above            1.180162
sqft_basement         0.362902
yr_built             -0.757166
yr_renovated          0.052861
zipcode              -0.272881
lat                   0.841088
long                 -0.286403
sqft_lot15           -0.095570
month                 0.055588
day                  -0.050273
year                  0.171463
age_since_renovation  0.025694"
Learning Rate,0.1
Training Loss,3.76425479534098
Validation Loss,4.51739022594517
